order_id,order_date,region,transport_mode,distance_km,shipment_volume_kg,promised_days,delivery_time_days,delay_days,transport_cost_inr,on_time
ORD0262,2026-01-01 10:55:53,West,Rail,199.4,562.1,2,1.88,-0.12,8954,1
ORD0209,2026-01-01 12:06:25,North,Road,166.1,370.6,3,2.35,-0.65,8168,1
ORD0128,2026-01-01 13:36:24,West,Road,96.4,1101.2,2,1.28,-0.72,7909,1
ORD0255,2026-01-01 16:58:07,West,Air,275.5,538.7,4,2.69,-1.31,12284,1
ORD0068,2026-01-01 18:55:48,North,Road,275.2,1133.3,3,2.29,-0.71,11831,1
ORD0333,2026-01-01 19:48:15,North,Road,71.5,346.1,3,1.92,-1.08,6571,1
ORD0046,2026-01-01 23:30:54,West,Air,202.1,592.6,3,2.35,-0.65,15857,1
ORD0027,2026-01-02 04:42:35,North,Road,240.8,376.2,3,2.12,-0.88,11148,1
ORD0214,2026-01-02 06:25:56,East,Rail,81.0,603.0,4,2.77,-1.23,5369,1
ORD0307,2026-01-02 06:34:38,West,Air,239.4,574.4,3,2.38,-0.62,15772,1
ORD0425,2026-01-02 08:19:41,South,Road,318.7,502.4,4,3.27,-0.73,12057,1
ORD0276,2026-01-03 14:34:41,East,Road,80.8,1101.3,3,2.74,-0.26,8159,1
ORD0092,2026-01-04 03:30:36,East,Road,134.0,439.5,4,2.89,-1.11,5809,1
ORD0240,2026-01-05 15:51:30,West,Rail,100.6,987.7,3,2.16,-0.84,11201,1
ORD0269,2026-01-05 19:48:00,West,Road,83.6,748.6,3,1.7,-1.3,4856,1
ORD0483,2026-01-06 03:38:21,North,Rail,152.0,994.3,4,2.27,-1.73,8643,1
ORD0166,2026-01-06 16:27:14,North,Road,88.7,734.9,2,0.8,-1.2,5681,1
ORD0382,2026-01-06 19:12:37,South,Air,78.2,386.3,2,1.49,-0.51,6915,1
ORD0224,2026-01-07 06:38:55,East,Rail,442.4,567.7,4,3.76,-0.24,16568,1
ORD0346,2026-01-07 10:03:14,North,Road,183.5,791.4,3,2.04,-0.96,11564,1
ORD0105,2026-01-07 12:51:25,North,Road,36.0,620.7,3,1.93,-1.07,3522,1
ORD0402,2026-01-08 03:47:47,South,Road,153.6,627.3,3,1.65,-1.35,6429,1
ORD0356,2026-01-08 22:49:36,South,Rail,519.7,539.4,6,4.55,-1.45,18311,1
ORD0478,2026-01-08 23:08:25,West,Road,226.2,327.8,3,1.92,-1.08,10453,1
ORD0186,2026-01-09 21:46:38,West,Air,175.1,532.7,1,0.85,-0.15,11454,1
ORD0381,2026-01-10 03:59:31,West,Air,124.3,869.4,2,1.37,-0.63,9920,1
ORD0275,2026-01-10 09:52:48,North,Road,261.0,484.1,3,2.21,-0.79,13379,1
ORD0340,2026-01-10 13:23:36,South,Rail,256.2,281.1,5,3.68,-1.32,10938,1
ORD0193,2026-01-11 02:52:51,North,Road,187.0,972.5,3,1.99,-1.01,6694,1
ORD0323,2026-01-11 12:58:01,North,Air,176.4,267.3,3,1.76,-1.24,13037,1
ORD0198,2026-01-12 06:25:48,South,Road,168.4,856.5,4,2.51,-1.49,11043,1
ORD0151,2026-01-12 12:41:47,East,Rail,469.0,867.6,5,3.53,-1.47,17809,1
ORD0109,2026-01-12 15:48:13,West,Rail,205.0,463.9,4,3.46,-0.54,12064,1
ORD0101,2026-01-13 02:46:37,North,Air,325.3,753.9,3,1.0,-2.0,18337,1
ORD0491,2026-01-13 19:05:34,West,Road,386.1,337.1,4,2.74,-1.26,12941,1
ORD0294,2026-01-13 22:50:43,North,Air,63.1,625.9,2,1.37,-0.63,9148,1
ORD0223,2026-01-14 21:44:42,South,Rail,384.3,960.5,5,4.26,-0.74,13304,1
ORD0362,2026-01-15 08:44:42,North,Road,130.1,514.7,2,0.94,-1.06,8947,1
ORD0028,2026-01-15 14:45:52,East,Air,106.9,574.8,3,1.59,-1.41,8353,1
ORD0099,2026-01-15 17:15:41,West,Road,52.2,590.4,2,1.49,-0.51,5942,1
ORD0123,2026-01-15 20:59:20,West,Rail,183.5,884.7,3,1.64,-1.36,11841,1
ORD0253,2026-01-17 00:30:50,East,Rail,205.2,930.9,5,3.45,-1.55,11114,1
ORD0482,2026-01-17 08:54:26,East,Road,139.1,478.6,3,2.99,-0.01,7507,1
ORD0439,2026-01-17 09:56:15,South,Rail,52.3,925.1,4,2.9,-1.1,9215,1
ORD0127,2026-01-17 11:57:52,South,Rail,56.8,840.8,3,1.93,-1.07,4506,1
ORD0067,2026-01-17 23:08:09,North,Road,163.5,840.8,3,2.14,-0.86,13077,1
ORD0259,2026-01-18 07:36:16,South,Air,100.0,806.7,3,1.72,-1.28,12335,1
ORD0132,2026-01-18 09:53:04,West,Road,593.9,376.8,4,2.8,-1.2,22218,1
ORD0426,2026-01-18 14:41:41,North,Road,237.5,463.3,3,1.67,-1.33,10185,1
ORD0287,2026-01-19 01:48:49,West,Air,555.1,264.2,5,3.36,-1.64,22372,1
ORD0215,2026-01-19 05:39:17,South,Road,49.5,623.3,4,2.62,-1.38,3833,1
ORD0372,2026-01-19 06:39:19,South,Road,128.2,771.9,4,2.94,-1.06,8379,1
ORD0324,2026-01-19 14:33:38,East,Road,239.8,674.5,4,3.08,-0.92,10140,1
ORD0313,2026-01-20 04:51:06,South,Rail,280.9,777.1,5,3.87,-1.13,11854,1
ORD0305,2026-01-20 05:38:29,South,Road,117.0,963.7,2,1.77,-0.23,9160,1
ORD0409,2026-01-20 18:25:23,North,Rail,77.2,603.7,3,2.62,-0.38,6088,1
ORD0139,2026-01-21 02:31:35,South,Rail,87.3,634.4,3,1.68,-1.32,5931,1
ORD0022,2026-01-21 10:48:11,East,Air,193.5,633.4,3,2.15,-0.85,15346,1
ORD0119,2026-01-21 11:00:40,South,Rail,51.6,590.8,3,2.47,-0.53,1500,1
ORD0069,2026-01-22 03:07:45,West,Air,158.3,662.3,2,0.8,-1.2,11514,1
ORD0081,2026-01-22 15:42:08,South,Road,161.0,808.5,2,1.76,-0.24,7073,1
ORD0308,2026-01-23 04:07:11,West,Road,110.6,758.3,3,2.06,-0.94,6730,1
ORD0246,2026-01-23 14:48:29,West,Road,69.5,574.7,2,1.01,-0.99,7023,1
ORD0048,2026-01-23 14:52:34,East,Road,357.4,617.0,4,3.41,-0.59,12945,1
ORD0423,2026-01-23 22:58:29,South,Road,77.8,603.5,3,2.43,-0.57,5065,1
ORD0480,2026-01-24 00:32:53,East,Road,308.3,953.0,4,3.13,-0.87,14468,1
ORD0312,2026-01-24 05:49:47,North,Air,232.5,723.3,3,2.37,-0.63,16717,1
ORD0222,2026-01-24 06:03:41,West,Rail,104.0,646.6,2,1.58,-0.42,6484,1
ORD0345,2026-01-24 10:59:53,East,Road,87.6,830.7,3,1.91,-1.09,7450,1
ORD0397,2026-01-25 07:20:21,North,Road,258.8,643.2,3,2.85,-0.15,10178,1
ORD0143,2026-01-25 10:03:38,South,Road,106.1,613.8,4,3.3,-0.7,6334,1
ORD0163,2026-01-25 13:21:30,North,Road,132.8,1056.0,2,1.98,-0.02,8780,1
ORD0315,2026-01-25 20:53:35,South,Road,156.0,428.0,3,2.79,-0.21,7029,1
ORD0351,2026-01-26 12:24:24,West,Road,158.6,100.0,3,2.01,-0.99,5594,1
ORD0473,2026-01-26 15:19:27,South,Air,152.7,511.1,2,1.08,-0.92,10651,1
ORD0134,2026-01-26 19:41:59,West,Road,224.2,805.5,4,3.01,-0.99,6984,1
ORD0144,2026-01-26 19:56:25,West,Road,71.6,693.8,3,1.71,-1.29,7282,1
ORD0008,2026-01-26 20:41:29,South,Road,171.3,281.3,5,3.29,-1.71,7679,1
ORD0236,2026-01-26 20:50:00,West,Rail,91.1,532.9,4,2.67,-1.33,4826,1
ORD0420,2026-01-27 06:17:22,South,Road,148.1,759.4,3,1.59,-1.41,11652,1
ORD0096,2026-01-27 14:43:55,East,Road,450.2,578.0,4,3.12,-0.88,18173,1
ORD0088,2026-01-27 16:23:33,East,Road,454.8,748.6,5,3.82,-1.18,17887,1
ORD0055,2026-01-29 02:33:08,East,Road,233.8,460.4,3,2.92,-0.08,7144,1
ORD0436,2026-01-29 10:33:04,North,Road,173.4,567.7,3,1.9,-1.1,8092,1
ORD0358,2026-01-29 14:43:09,South,Road,176.5,622.5,3,2.04,-0.96,8886,1
ORD0230,2026-01-29 18:06:53,North,Road,74.6,837.5,2,0.88,-1.12,5737,1
ORD0213,2026-01-30 09:24:08,East,Road,119.2,100.0,3,2.36,-0.64,5189,1
ORD0242,2026-01-30 11:53:41,East,Road,434.7,467.1,4,2.89,-1.11,13546,1
ORD0300,2026-01-30 14:37:11,South,Road,141.7,926.3,4,2.86,-1.14,9366,1
ORD0116,2026-01-31 10:45:08,West,Road,73.8,558.8,3,1.65,-1.35,5222,1
ORD0306,2026-01-31 17:48:58,East,Road,38.3,756.1,4,2.53,-1.47,6158,1
ORD0098,2026-01-31 18:28:25,South,Road,101.0,643.5,3,2.45,-0.55,6718,1
ORD0057,2026-01-31 19:44:06,West,Road,54.5,100.0,2,1.35,-0.65,3130,1
ORD0075,2026-01-31 21:39:55,North,Road,69.8,455.6,2,1.41,-0.59,4786,1
ORD0115,2026-02-01 07:10:38,East,Road,39.4,774.2,4,2.39,-1.61,3396,1
ORD0447,2026-02-01 13:37:03,South,Rail,91.4,789.9,3,2.14,-0.86,8537,1
ORD0070,2026-02-01 18:41:23,East,Road,307.7,1050.6,4,2.82,-1.18,12915,1
ORD0327,2026-02-01 21:23:43,West,Road,285.8,749.3,4,2.92,-1.08,11724,1
ORD0393,2026-02-02 09:38:07,South,Rail,72.6,704.3,2,1.15,-0.85,7033,1
ORD0106,2026-02-03 07:46:30,East,Road,402.2,580.6,4,3.72,-0.28,13689,1
ORD0394,2026-02-03 14:55:41,West,Road,97.7,725.7,3,2.09,-0.91,6587,1
ORD0231,2026-02-03 15:36:00,West,Air,69.3,322.7,2,1.08,-0.92,7376,1
ORD0455,2026-02-03 21:05:09,North,Road,203.0,286.7,3,1.67,-1.33,7860,1
ORD0205,2026-02-04 05:57:14,North,Rail,106.6,309.2,3,2.32,-0.68,6065,1
ORD0279,2026-02-04 16:09:25,North,Road,123.5,601.7,3,2.31,-0.69,6500,1
ORD0102,2026-02-05 06:27:42,North,Air,319.9,518.1,2,1.48,-0.52,15810,1
ORD0304,2026-02-05 15:39:49,West,Road,185.9,618.6,3,2.16,-0.84,10570,1
ORD0481,2026-02-05 15:46:01,West,Air,404.0,485.1,3,2.3,-0.7,21422,1
ORD0192,2026-02-07 16:33:35,North,Rail,143.1,833.6,4,3.42,-0.58,9839,1
ORD0045,2026-02-07 21:55:09,North,Road,236.4,812.1,3,2.59,-0.41,11653,1
ORD0191,2026-02-08 13:17:48,North,Road,253.1,700.3,3,2.21,-0.79,14326,1
ORD0199,2026-02-08 16:53:34,South,Rail,313.9,318.9,5,4.36,-0.64,10836,1
ORD0025,2026-02-08 17:06:09,West,Road,100.0,218.6,2,1.56,-0.44,4615,1
ORD0264,2026-02-08 21:20:11,West,Road,278.7,692.6,4,2.99,-1.01,12135,1
ORD0111,2026-02-08 23:10:12,West,Road,135.8,452.0,3,2.16,-0.84,7746,1
ORD0065,2026-02-09 04:22:37,North,Road,199.1,575.0,2,1.19,-0.81,9204,1
ORD0064,2026-02-09 04:27:39,West,Road,329.2,876.5,3,1.96,-1.04,15278,1
ORD0063,2026-02-09 13:04:24,South,Road,574.6,948.2,5,3.75,-1.25,19091,1
ORD0432,2026-02-09 19:10:18,South,Road,387.1,662.5,5,3.67,-1.33,13781,1
ORD0454,2026-02-09 20:41:24,North,Road,42.1,895.0,2,1.51,-0.49,4123,1
ORD0337,2026-02-09 21:02:56,North,Air,67.6,627.2,3,1.72,-1.28,4933,1
ORD0452,2026-02-09 22:42:36,East,Road,170.6,399.5,4,3.32,-0.68,10633,1
ORD0117,2026-02-10 10:44:39,East,Rail,141.9,759.3,5,3.8,-1.2,11795,1
ORD0349,2026-02-10 13:27:53,North,Road,39.8,530.8,3,2.13,-0.87,6389,1
ORD0228,2026-02-11 05:08:40,South,Road,191.7,144.5,4,3.04,-0.96,5350,1
ORD0093,2026-02-11 11:45:02,South,Rail,400.3,614.7,5,3.66,-1.34,17550,1
ORD0161,2026-02-11 16:37:59,South,Road,186.0,786.3,3,3.01,0.01,9060,0
ORD0339,2026-02-11 19:30:00,North,Road,305.5,578.3,3,2.71,-0.29,12150,1
ORD0371,2026-02-12 12:41:55,South,Road,193.1,253.3,4,2.26,-1.74,7037,1
ORD0156,2026-02-13 08:56:29,South,Rail,47.2,846.0,3,2.29,-0.71,7526,1
ORD0100,2026-02-13 15:01:55,West,Road,461.6,626.6,4,4.03,0.03,17892,0
ORD0444,2026-02-13 16:02:42,East,Road,178.3,702.8,4,2.9,-1.1,5671,1
ORD0278,2026-02-13 18:47:55,South,Road,482.4,496.0,4,2.9,-1.1,16528,1
ORD0440,2026-02-14 01:24:48,West,Road,120.5,400.8,3,1.96,-1.04,8229,1
ORD0148,2026-02-14 14:22:19,South,Road,40.1,830.1,4,2.12,-1.88,4656,1
ORD0474,2026-02-14 23:33:22,South,Rail,26.6,555.3,4,3.55,-0.45,2621,1
ORD0325,2026-02-15 02:27:10,North,Road,39.8,653.1,3,2.31,-0.69,4166,1
ORD0089,2026-02-15 06:09:57,North,Road,230.2,718.9,2,1.53,-0.47,9802,1
ORD0446,2026-02-16 18:42:56,South,Rail,132.8,477.1,3,2.33,-0.67,2526,1
ORD0074,2026-02-16 22:48:38,South,Rail,344.4,529.8,5,3.8,-1.2,14514,1
ORD0438,2026-02-17 11:43:42,West,Rail,92.2,673.6,3,1.88,-1.12,7809,1
ORD0384,2026-02-17 17:41:39,East,Rail,433.1,810.0,4,3.53,-0.47,16807,1
ORD0322,2026-02-17 20:41:54,North,Road,301.8,324.3,4,3.3,-0.7,9646,1
ORD0157,2026-02-17 22:46:47,North,Road,92.8,474.0,2,1.4,-0.6,2348,1
ORD0082,2026-02-18 02:14:59,East,Road,343.9,733.3,4,3.44,-0.56,13225,1
ORD0266,2026-02-19 07:13:42,East,Road,151.5,380.4,3,2.23,-0.77,7559,1
ORD0226,2026-02-19 10:07:50,North,Road,97.7,835.8,3,1.43,-1.57,9908,1
ORD0419,2026-02-19 18:55:54,East,Rail,155.5,826.3,5,4.38,-0.62,10993,1
ORD0006,2026-02-19 19:42:52,West,Road,62.0,672.7,2,1.51,-0.49,6843,1
ORD0238,2026-02-20 00:37:32,North,Rail,139.0,456.5,4,2.94,-1.06,6559,1
ORD0390,2026-02-20 02:06:16,South,Air,138.1,488.3,2,0.9,-1.1,10684,1
ORD0468,2026-02-20 04:24:28,West,Road,170.3,925.2,4,3.19,-0.81,6328,1
ORD0326,2026-02-20 04:39:47,South,Road,111.0,642.1,4,2.67,-1.33,4417,1
ORD0352,2026-02-20 06:02:27,East,Road,207.5,710.0,5,3.4,-1.6,8219,1
ORD0497,2026-02-20 09:12:07,North,Road,225.7,441.2,3,1.81,-1.19,8131,1
ORD0286,2026-02-20 14:28:13,East,Rail,437.9,526.8,6,4.72,-1.28,15782,1
ORD0383,2026-02-20 16:18:47,North,Rail,366.5,356.4,4,2.88,-1.12,17442,1
ORD0248,2026-02-21 04:34:40,North,Air,142.2,474.3,2,0.9,-1.1,9924,1
ORD0016,2026-02-21 18:21:11,North,Road,309.3,571.8,4,2.75,-1.25,13064,1
ORD0318,2026-02-22 03:44:19,North,Road,217.3,444.8,3,1.72,-1.28,8072,1
ORD0375,2026-02-22 06:18:08,North,Rail,387.6,394.9,5,3.74,-1.26,14548,1
ORD0023,2026-02-22 07:56:13,North,Road,484.6,728.7,5,3.71,-1.29,14753,1
ORD0018,2026-02-22 08:34:29,North,Air,100.3,386.1,2,1.04,-0.96,10617,1
ORD0154,2026-02-22 14:39:43,West,Road,177.5,780.3,2,0.9,-1.1,6854,1
ORD0207,2026-02-22 22:38:13,East,Road,109.4,646.2,4,3.14,-0.86,9740,1
ORD0041,2026-02-24 15:28:59,West,Road,261.7,1009.2,4,3.09,-0.91,14965,1
ORD0110,2026-02-25 06:09:43,North,Rail,91.3,400.4,2,1.61,-0.39,4334,1
ORD0141,2026-02-25 07:54:10,West,Road,248.1,815.8,3,2.35,-0.65,13742,1
ORD0466,2026-02-26 01:10:11,East,Road,228.4,739.0,4,2.81,-1.19,11956,1
ORD0367,2026-02-26 14:58:26,North,Rail,408.4,713.0,5,4.23,-0.77,14832,1
ORD0267,2026-02-27 09:40:17,West,Road,57.9,585.7,3,1.97,-1.03,6519,1
ORD0391,2026-02-27 10:22:20,East,Air,299.5,670.3,3,2.34,-0.66,17586,1
ORD0274,2026-02-27 11:10:50,East,Rail,88.8,805.1,3,2.55,-0.45,7147,1
ORD0020,2026-02-27 15:45:05,East,Road,258.8,342.5,3,2.5,-0.5,12373,1
ORD0077,2026-02-27 20:18:15,South,Road,530.4,503.1,4,3.55,-0.45,20776,1
ORD0289,2026-02-28 05:39:55,North,Rail,251.9,654.6,5,3.91,-1.09,10677,1
ORD0407,2026-02-28 16:55:48,South,Road,276.2,839.0,3,2.15,-0.85,12016,1
ORD0387,2026-03-01 02:33:19,South,Road,60.7,370.2,3,2.51,-0.49,9285,1
ORD0451,2026-03-01 09:06:37,North,Rail,338.1,479.3,4,3.64,-0.36,13866,1
ORD0411,2026-03-01 10:10:07,West,Rail,217.3,823.3,4,3.42,-0.58,11865,1
ORD0047,2026-03-01 13:53:01,West,Air,164.9,362.0,3,1.97,-1.03,11369,1
ORD0126,2026-03-01 20:57:16,West,Road,99.0,621.8,3,1.82,-1.18,7667,1
ORD0363,2026-03-02 00:08:22,East,Rail,123.1,830.7,4,2.73,-1.27,8296,1
ORD0204,2026-03-02 02:39:02,West,Air,279.7,426.7,2,1.49,-0.51,15079,1
ORD0338,2026-03-02 18:37:15,South,Road,227.6,667.1,3,2.39,-0.61,9533,1
ORD0113,2026-03-02 23:06:20,North,Road,65.6,481.4,3,2.09,-0.91,7902,1
ORD0187,2026-03-03 06:14:55,North,Road,241.9,726.2,3,2.22,-0.78,11519,1
ORD0396,2026-03-03 13:53:05,North,Rail,191.1,745.1,4,3.39,-0.61,7001,1
ORD0403,2026-03-03 17:25:52,North,Road,110.4,409.6,3,1.73,-1.27,6307,1
ORD0170,2026-03-04 12:20:18,West,Air,220.5,387.8,3,2.04,-0.96,11188,1
ORD0091,2026-03-04 16:05:09,West,Road,57.7,666.6,3,2.01,-0.99,6000,1
ORD0291,2026-03-05 09:40:47,West,Road,167.6,629.1,3,1.94,-1.06,8372,1
ORD0059,2026-03-05 15:42:00,East,Road,120.7,560.7,4,2.8,-1.2,6667,1
ORD0285,2026-03-05 15:51:46,East,Air,650.0,693.0,6,5.37,-0.63,28789,1
ORD0162,2026-03-05 20:13:09,North,Road,192.7,605.6,4,3.06,-0.94,9492,1
ORD0118,2026-03-05 20:33:29,West,Road,181.3,281.0,3,2.12,-0.88,6072,1
ORD0090,2026-03-06 07:53:39,East,Road,360.8,451.2,3,2.36,-0.64,15890,1
ORD0281,2026-03-06 18:11:48,East,Air,31.2,348.9,3,1.82,-1.18,7661,1
ORD0107,2026-03-06 18:33:31,North,Road,247.3,638.2,4,2.71,-1.29,14004,1
ORD0194,2026-03-07 10:37:17,East,Road,129.9,456.8,4,3.2,-0.8,7707,1
ORD0031,2026-03-07 13:33:09,East,Rail,172.7,817.9,5,3.79,-1.21,12202,1
ORD0282,2026-03-07 16:18:39,West,Road,41.6,718.5,4,2.37,-1.63,4454,1
ORD0235,2026-03-07 22:37:49,South,Air,322.7,414.0,3,2.44,-0.56,18022,1
ORD0448,2026-03-08 02:04:00,West,Road,182.5,864.5,3,2.08,-0.92,9461,1
ORD0268,2026-03-08 06:26:10,West,Rail,143.6,628.3,3,2.11,-0.89,7767,1
ORD0036,2026-03-08 11:17:46,East,Road,445.4,613.4,4,3.54,-0.46,15487,1
ORD0239,2026-03-09 09:16:24,West,Rail,230.5,444.7,3,2.29,-0.71,14267,1
ORD0415,2026-03-09 17:59:44,North,Road,68.9,738.8,2,2.0,0.0,5842,1
ORD0178,2026-03-10 03:46:34,West,Road,171.5,100.0,3,2.5,-0.5,8891,1
ORD0233,2026-03-10 05:39:04,East,Road,360.0,768.9,4,3.27,-0.73,13446,1
ORD0386,2026-03-10 19:49:54,East,Rail,165.0,518.7,3,2.27,-0.73,5699,1
ORD0024,2026-03-11 16:11:17,North,Road,193.5,831.5,2,1.5,-0.5,8862,1
ORD0376,2026-03-11 22:11:35,South,Road,153.9,393.4,4,2.98,-1.02,7033,1
ORD0125,2026-03-12 09:02:06,South,Rail,95.6,693.7,4,2.96,-1.04,7056,1
ORD0430,2026-03-12 15:58:45,East,Air,399.8,790.3,4,3.36,-0.64,21724,1
ORD0038,2026-03-12 18:16:30,West,Rail,332.4,284.6,5,4.3,-0.7,11399,1
ORD0175,2026-03-13 09:08:14,South,Rail,210.7,650.8,4,2.77,-1.23,10646,1
ORD0465,2026-03-13 22:17:04,East,Road,189.6,584.1,3,2.65,-0.35,9232,1
ORD0202,2026-03-13 22:43:24,West,Road,141.8,662.3,3,2.51,-0.49,8701,1
ORD0160,2026-03-14 06:43:55,West,Road,365.7,570.2,3,2.51,-0.49,14695,1
ORD0085,2026-03-14 08:04:19,East,Road,62.8,489.4,3,2.37,-0.63,4745,1
ORD0309,2026-03-15 01:55:27,North,Road,164.6,340.7,3,2.16,-0.84,6239,1
ORD0380,2026-03-15 04:42:47,East,Rail,244.6,564.6,5,4.16,-0.84,10953,1
ORD0467,2026-03-15 13:53:02,South,Rail,156.2,586.2,3,2.24,-0.76,7094,1
ORD0079,2026-03-16 01:13:06,East,Road,236.6,469.5,4,2.7,-1.3,6734,1
ORD0321,2026-03-16 02:53:23,North,Air,20.0,275.4,2,1.99,-0.01,11141,1
ORD0258,2026-03-16 04:31:47,South,Road,222.1,362.6,3,2.63,-0.37,9257,1
ORD0003,2026-03-16 08:16:28,West,Road,74.9,541.9,3,2.3,-0.7,3799,1
ORD0252,2026-03-16 17:41:34,North,Road,148.3,706.5,3,2.57,-0.43,6237,1
ORD0263,2026-03-17 01:15:31,West,Road,650.0,216.1,6,5.05,-0.95,23173,1
ORD0181,2026-03-17 08:27:05,South,Air,290.0,573.9,3,2.21,-0.79,20229,1
ORD0475,2026-03-17 18:12:15,East,Rail,188.4,503.8,4,3.28,-0.72,5564,1
ORD0004,2026-03-17 19:37:14,West,Rail,162.2,599.4,4,2.95,-1.05,11523,1
ORD0130,2026-03-17 21:09:28,South,Air,372.9,477.2,4,2.96,-1.04,18630,1
ORD0365,2026-03-17 22:30:00,East,Road,225.7,782.9,3,2.67,-0.33,9224,1
ORD0284,2026-03-18 11:54:40,West,Road,108.9,630.6,3,2.53,-0.47,5881,1
ORD0061,2026-03-18 20:41:53,South,Rail,128.6,545.9,4,2.37,-1.63,7445,1
ORD0301,2026-03-19 01:58:28,West,Road,75.5,878.6,3,2.1,-0.9,6060,1
ORD0366,2026-03-19 05:10:58,East,Road,171.0,410.5,3,2.34,-0.66,7030,1
ORD0227,2026-03-19 13:12:59,South,Road,127.0,456.7,3,2.0,-1.0,9953,1
ORD0208,2026-03-19 15:02:51,West,Road,220.9,284.4,2,2.06,0.06,13086,0
ORD0121,2026-03-19 19:42:51,West,Road,197.1,625.1,2,2.19,0.19,10777,0
ORD0413,2026-03-19 21:41:26,West,Air,165.6,768.9,2,1.0,-1.0,13054,1
ORD0476,2026-03-21 04:39:45,South,Rail,70.7,508.4,3,2.53,-0.47,6624,1
ORD0229,2026-03-21 09:33:26,East,Air,50.8,676.2,2,1.44,-0.56,7297,1
ORD0177,2026-03-21 22:32:06,West,Road,91.2,592.5,3,2.38,-0.62,6694,1
ORD0237,2026-03-21 23:02:11,East,Rail,131.4,580.5,4,3.23,-0.77,9795,1
ORD0174,2026-03-22 00:42:30,West,Road,203.1,523.6,3,2.27,-0.73,9091,1
ORD0401,2026-03-22 04:27:20,North,Road,344.2,796.7,3,3.14,0.14,10840,0
ORD0135,2026-03-22 07:48:39,South,Road,173.4,743.1,2,1.31,-0.69,10293,1
ORD0457,2026-03-22 18:44:11,East,Road,115.3,428.9,3,2.28,-0.72,4606,1
ORD0200,2026-03-23 18:25:46,West,Road,43.6,960.6,3,2.42,-0.58,5656,1
ORD0272,2026-03-23 20:38:15,North,Road,362.3,503.4,4,3.35,-0.65,11708,1
ORD0298,2026-03-24 05:07:10,East,Rail,70.9,408.5,2,1.81,-0.19,6130,1
ORD0153,2026-03-24 12:35:44,West,Air,246.4,448.9,2,2.07,0.07,17466,0
ORD0013,2026-03-25 09:10:12,West,Rail,107.1,360.3,3,2.2,-0.8,6537,1
ORD0250,2026-03-25 09:32:27,West,Road,297.6,694.5,4,3.38,-0.62,12423,1
ORD0443,2026-03-26 02:16:35,West,Road,158.0,397.3,3,2.43,-0.57,6038,1
ORD0095,2026-03-26 06:36:09,South,Road,169.9,260.8,4,3.13,-0.87,6894,1
ORD0350,2026-03-26 11:41:35,South,Air,301.7,540.6,4,2.73,-1.27,11717,1
ORD0498,2026-03-26 16:02:40,East,Road,244.5,949.7,4,3.42,-0.58,9964,1
ORD0406,2026-03-26 19:35:41,East,Road,119.9,858.0,2,1.0,-1.0,4492,1
ORD0316,2026-03-27 03:15:40,South,Air,144.2,615.7,2,2.08,0.08,10544,0
ORD0019,2026-03-27 16:54:12,South,Road,303.9,427.8,4,3.41,-0.59,10517,1
ORD0486,2026-03-27 19:10:23,South,Road,35.3,437.7,3,2.1,-0.9,2530,1
ORD0273,2026-03-28 00:48:16,West,Road,103.6,669.4,3,2.09,-0.91,5539,1
ORD0142,2026-03-28 10:49:04,North,Road,458.3,216.7,5,3.89,-1.11,17336,1
ORD0319,2026-03-28 12:05:15,North,Road,426.5,694.6,4,3.64,-0.36,18240,1
ORD0180,2026-03-29 11:29:18,West,Air,164.9,302.9,3,1.71,-1.29,11018,1
ORD0488,2026-03-30 02:47:49,West,Road,122.4,235.6,2,1.56,-0.44,5636,1
ORD0336,2026-03-30 02:48:07,North,Air,126.8,284.2,2,1.0,-1.0,10591,1
ORD0265,2026-03-30 14:21:49,West,Road,219.4,756.4,3,2.29,-0.71,11573,1
ORD0320,2026-03-30 15:20:26,North,Road,136.8,453.2,3,1.9,-1.1,4948,1
ORD0280,2026-03-31 12:21:42,East,Road,47.0,575.8,2,1.45,-0.55,2616,1
ORD0424,2026-03-31 14:02:21,South,Road,199.0,719.9,3,2.21,-0.79,13910,1
ORD0462,2026-04-01 00:41:24,North,Road,94.2,1018.9,2,2.04,0.04,3892,0
ORD0114,2026-04-01 08:41:53,East,Rail,308.1,585.9,4,3.28,-0.72,11790,1
ORD0183,2026-04-02 07:02:19,West,Road,52.8,308.4,2,1.48,-0.52,4783,1
ORD0433,2026-04-02 14:14:57,East,Rail,177.4,910.3,4,3.15,-0.85,8182,1
ORD0190,2026-04-03 06:16:19,South,Road,58.8,559.9,3,2.11,-0.89,3647,1
ORD0395,2026-04-03 09:37:21,East,Road,239.4,494.7,5,4.04,-0.96,10900,1
ORD0158,2026-04-03 10:53:24,East,Road,370.4,584.9,6,4.85,-1.15,14549,1
ORD0500,2026-04-04 10:37:41,West,Road,157.4,881.8,3,1.96,-1.04,11645,1
ORD0485,2026-04-04 19:50:09,East,Road,384.8,254.5,4,3.63,-0.37,12104,1
ORD0417,2026-04-05 13:35:28,West,Road,314.0,351.1,3,2.34,-0.66,8620,1
ORD0053,2026-04-06 09:38:00,East,Rail,355.0,434.6,5,4.49,-0.51,12816,1
ORD0221,2026-04-07 03:21:01,West,Road,597.4,460.8,4,3.65,-0.35,19434,1
ORD0251,2026-04-07 08:08:55,West,Air,106.0,401.3,2,1.78,-0.22,12153,1
ORD0112,2026-04-08 08:37:35,South,Road,73.4,812.0,2,1.74,-0.26,6664,1
ORD0463,2026-04-09 10:11:42,North,Air,152.4,475.4,2,2.23,0.23,10524,0
ORD0361,2026-04-09 10:53:24,North,Road,329.1,538.9,3,2.76,-0.24,12727,1
ORD0182,2026-04-09 12:10:17,North,Road,169.3,311.0,3,2.31,-0.69,3706,1
ORD0412,2026-04-09 13:49:59,West,Road,510.6,527.0,4,3.63,-0.37,19096,1
ORD0461,2026-04-09 14:39:41,North,Air,20.0,825.0,2,1.15,-0.85,6627,1
ORD0347,2026-04-09 19:12:06,West,Road,457.4,556.1,5,3.8,-1.2,16829,1
ORD0097,2026-04-10 08:49:37,West,Road,83.9,499.3,1,1.23,0.23,4548,0
ORD0283,2026-04-11 05:02:24,East,Air,376.0,701.6,4,3.51,-0.49,17841,1
ORD0341,2026-04-12 10:15:13,South,Rail,569.2,1056.3,6,5.08,-0.92,21520,1
ORD0379,2026-04-12 11:18:08,East,Rail,294.0,800.5,5,3.7,-1.3,14942,1
ORD0056,2026-04-14 04:53:06,South,Road,177.6,672.9,3,3.2,0.2,7693,0
ORD0378,2026-04-15 19:47:22,West,Air,165.2,887.8,1,1.15,0.15,11362,0
ORD0292,2026-04-15 23:31:17,East,Road,269.0,740.7,3,2.53,-0.47,11550,1
ORD0477,2026-04-16 01:49:12,North,Rail,317.6,252.9,5,3.98,-1.02,12384,1
ORD0334,2026-04-16 16:49:42,South,Air,175.7,463.8,3,2.23,-0.77,15274,1
ORD0026,2026-04-17 06:05:51,South,Road,115.2,582.2,5,3.4,-1.6,7159,1
ORD0176,2026-04-18 11:27:09,South,Rail,147.4,709.7,3,2.87,-0.13,6520,1
ORD0373,2026-04-18 14:12:05,North,Rail,189.6,100.0,3,2.29,-0.71,7973,1
ORD0035,2026-04-18 16:54:08,East,Road,115.3,339.3,3,2.89,-0.11,8106,1
ORD0414,2026-04-19 20:40:34,North,Road,133.4,502.1,3,1.99,-1.01,6364,1
ORD0150,2026-04-20 13:55:19,South,Air,218.3,431.1,3,2.08,-0.92,11145,1
ORD0453,2026-04-21 04:29:33,West,Air,95.1,377.6,2,1.81,-0.19,10839,1
ORD0011,2026-04-21 05:44:42,East,Rail,72.5,171.4,4,3.71,-0.29,3873,1
ORD0431,2026-04-21 23:19:54,North,Rail,454.5,399.7,5,3.88,-1.12,15446,1
ORD0201,2026-04-22 03:14:43,North,Road,49.7,452.5,3,2.1,-0.9,3477,1
ORD0495,2026-04-22 06:21:13,North,Road,105.2,660.9,3,1.88,-1.12,10529,1
ORD0015,2026-04-22 10:35:19,South,Road,405.5,675.1,4,2.9,-1.1,15786,1
ORD0033,2026-04-23 05:19:39,North,Rail,138.3,868.0,3,2.14,-0.86,7051,1
ORD0108,2026-04-23 06:32:24,South,Road,279.7,584.5,4,3.01,-0.99,9932,1
ORD0400,2026-04-23 20:10:36,North,Road,526.6,833.5,5,4.72,-0.28,17663,1
ORD0030,2026-04-24 05:57:13,North,Road,227.6,684.2,4,3.55,-0.45,7564,1
ORD0311,2026-04-24 08:11:52,South,Road,104.3,381.5,2,1.72,-0.28,3828,1
ORD0469,2026-04-24 14:23:16,South,Air,314.6,872.3,3,2.01,-0.99,15052,1
ORD0043,2026-04-25 11:05:50,South,Air,422.8,681.6,5,3.52,-1.48,22276,1
ORD0353,2026-04-25 16:09:31,North,Air,91.5,328.4,2,1.4,-0.6,9419,1
ORD0169,2026-04-25 16:41:49,North,Road,238.5,635.0,4,3.52,-0.48,12512,1
ORD0009,2026-04-26 06:16:54,West,Road,139.4,293.0,3,2.63,-0.37,4372,1
ORD0493,2026-04-26 10:03:21,North,Road,34.4,707.1,2,1.47,-0.53,2726,1
ORD0103,2026-04-26 10:16:46,North,Road,131.1,571.7,2,2.25,0.25,9041,0
ORD0427,2026-04-26 20:13:25,North,Road,20.0,937.8,3,1.9,-1.1,2248,1
ORD0344,2026-04-27 06:57:33,West,Road,100.4,442.9,2,2.29,0.29,6313,0
ORD0005,2026-04-27 16:22:31,West,Road,167.6,670.4,2,1.52,-0.48,8398,1
ORD0299,2026-04-28 05:48:21,South,Road,514.7,802.8,5,4.37,-0.63,19210,1
ORD0136,2026-04-28 08:52:14,West,Road,150.6,672.0,4,2.88,-1.12,6869,1
ORD0449,2026-04-28 11:10:35,West,Road,195.6,1045.6,3,2.79,-0.21,11053,1
ORD0084,2026-04-28 14:47:03,West,Rail,459.5,712.7,4,3.71,-0.29,18098,1
ORD0429,2026-04-28 16:07:14,South,Air,239.0,720.1,3,2.04,-0.96,18186,1
ORD0494,2026-04-28 23:10:57,South,Rail,87.1,601.7,4,2.92,-1.08,8290,1
ORD0149,2026-04-29 10:13:28,South,Road,22.8,392.8,2,1.61,-0.39,4184,1
ORD0343,2026-04-29 13:58:54,North,Rail,400.1,1199.5,5,4.31,-0.69,12378,1
ORD0155,2026-04-29 17:40:38,North,Air,189.7,512.6,3,2.06,-0.94,13684,1
ORD0260,2026-04-29 22:03:41,South,Rail,370.9,760.5,4,3.74,-0.26,15612,1
ORD0460,2026-04-30 10:46:08,West,Road,304.2,465.2,3,2.62,-0.38,10269,1
ORD0167,2026-04-30 15:21:08,North,Road,51.7,440.4,2,1.78,-0.22,3212,1
ORD0434,2026-05-01 09:44:52,North,Road,38.0,1020.2,3,1.76,-1.24,4188,1
ORD0184,2026-05-01 10:22:04,East,Rail,103.6,891.7,3,2.66,-0.34,5557,1
ORD0328,2026-05-01 14:59:18,South,Road,56.2,882.2,3,1.57,-1.43,3758,1
ORD0094,2026-05-02 08:15:13,East,Road,147.6,259.1,3,2.25,-0.75,8731,1
ORD0140,2026-05-02 12:35:46,North,Road,460.9,457.5,5,4.2,-0.8,13024,1
ORD0220,2026-05-02 15:54:59,South,Road,114.9,851.8,3,2.32,-0.68,9521,1
ORD0404,2026-05-02 19:23:47,West,Air,157.1,112.0,3,2.55,-0.45,10343,1
ORD0017,2026-05-02 20:07:30,East,Road,175.4,890.1,4,3.02,-0.98,8963,1
ORD0296,2026-05-03 15:11:51,North,Road,158.0,601.3,3,2.15,-0.85,7585,1
ORD0290,2026-05-03 19:36:57,North,Road,86.1,655.8,3,2.91,-0.09,6191,1
ORD0428,2026-05-03 22:04:28,East,Air,265.9,606.7,3,2.06,-0.94,15415,1
ORD0037,2026-05-04 04:14:50,East,Road,197.1,495.1,4,2.37,-1.63,8099,1
ORD0496,2026-05-04 15:32:32,East,Road,86.8,663.4,3,2.76,-0.24,5400,1
ORD0329,2026-05-04 20:23:15,East,Road,232.1,489.7,6,4.69,-1.31,6644,1
ORD0185,2026-05-05 07:09:38,South,Road,146.0,549.6,4,3.25,-0.75,7590,1
ORD0129,2026-05-05 20:51:18,West,Road,134.3,336.1,2,1.73,-0.27,8688,1
ORD0050,2026-05-06 01:19:50,North,Road,127.3,676.2,3,2.03,-0.97,5259,1
ORD0374,2026-05-06 20:32:55,South,Road,387.7,459.1,4,3.4,-0.6,11548,1
ORD0458,2026-05-07 03:08:07,West,Road,186.7,469.3,3,2.8,-0.2,7656,1
ORD0083,2026-05-07 16:34:57,South,Road,360.3,777.4,5,3.58,-1.42,15482,1
ORD0060,2026-05-07 20:10:14,East,Road,128.7,882.7,4,3.71,-0.29,8726,1
ORD0104,2026-05-08 00:13:59,North,Road,48.5,940.1,3,2.0,-1.0,5567,1
ORD0058,2026-05-08 00:40:52,East,Air,40.1,1217.5,3,2.14,-0.86,8621,1
ORD0479,2026-05-08 07:25:18,South,Road,59.8,637.0,2,2.12,0.12,3260,0
ORD0385,2026-05-08 08:08:29,East,Rail,222.7,747.5,4,3.37,-0.63,12714,1
ORD0122,2026-05-08 08:12:28,West,Road,397.8,256.4,4,3.37,-0.63,11830,1
ORD0052,2026-05-08 19:06:39,North,Road,53.8,301.4,3,1.88,-1.12,4407,1
ORD0370,2026-05-09 04:52:18,North,Road,360.4,494.0,4,2.98,-1.02,12199,1
ORD0147,2026-05-09 15:22:16,East,Road,198.4,623.4,3,2.42,-0.58,8841,1
ORD0232,2026-05-10 07:06:40,West,Road,243.0,767.4,4,2.73,-1.27,11144,1
ORD0066,2026-05-10 10:42:01,North,Road,159.3,590.2,3,2.57,-0.43,10696,1
ORD0195,2026-05-10 21:04:36,East,Road,103.3,528.0,4,2.95,-1.05,5820,1
ORD0459,2026-05-11 12:06:52,North,Road,454.4,586.7,4,3.6,-0.4,17150,1
ORD0388,2026-05-11 21:49:12,North,Rail,360.4,941.1,4,3.12,-0.88,17036,1
ORD0435,2026-05-12 02:10:37,South,Road,147.3,628.8,4,2.76,-1.24,4246,1
ORD0146,2026-05-12 05:04:57,East,Road,90.0,482.2,3,2.17,-0.83,5845,1
ORD0164,2026-05-12 17:10:58,West,Rail,271.0,965.1,4,3.33,-0.67,9949,1
ORD0072,2026-05-12 20:32:46,North,Road,577.9,829.4,5,4.61,-0.39,22689,1
ORD0212,2026-05-13 11:23:41,East,Road,149.3,791.4,4,2.82,-1.18,6826,1
ORD0392,2026-05-13 18:36:01,East,Road,50.9,1016.5,2,1.53,-0.47,7290,1
ORD0249,2026-05-14 02:49:22,South,Road,136.2,488.5,3,2.81,-0.19,4767,1
ORD0277,2026-05-14 04:11:45,East,Air,119.7,203.2,2,1.57,-0.43,7539,1
ORD0464,2026-05-14 08:18:42,West,Road,177.6,524.9,4,3.18,-0.82,11755,1
ORD0173,2026-05-14 09:28:57,North,Road,156.1,557.4,4,2.82,-1.18,5039,1
ORD0359,2026-05-14 10:44:27,South,Road,296.2,776.1,4,3.1,-0.9,14539,1
ORD0437,2026-05-14 11:29:31,North,Road,474.5,679.2,4,3.16,-0.84,19706,1
ORD0492,2026-05-15 10:46:50,West,Road,404.7,639.3,5,4.13,-0.87,13902,1
ORD0131,2026-05-15 21:21:27,West,Road,84.8,661.6,3,2.13,-0.87,4730,1
ORD0189,2026-05-15 21:53:52,North,Road,23.4,1082.8,2,1.05,-0.95,3999,1
ORD0295,2026-05-16 15:01:10,North,Rail,145.3,745.9,3,2.7,-0.3,10225,1
ORD0071,2026-05-17 09:58:51,South,Road,214.3,566.9,4,2.83,-1.17,10460,1
ORD0225,2026-05-17 20:03:05,South,Road,231.1,662.3,4,2.35,-1.65,9133,1
ORD0203,2026-05-18 06:11:43,North,Rail,243.8,587.4,4,3.4,-0.6,10752,1
ORD0051,2026-05-18 07:21:23,North,Road,64.5,850.1,2,1.5,-0.5,8051,1
ORD0152,2026-05-18 20:20:49,West,Road,225.0,559.9,3,2.45,-0.55,10233,1
ORD0039,2026-05-18 22:50:17,East,Air,338.6,673.0,3,2.72,-0.28,15520,1
ORD0342,2026-05-21 02:44:38,East,Road,146.5,740.8,4,2.8,-1.2,8096,1
ORD0244,2026-05-22 03:33:46,South,Air,127.0,738.2,2,1.38,-0.62,13195,1
ORD0472,2026-05-22 16:00:32,South,Road,181.7,954.5,3,2.35,-0.65,7748,1
ORD0293,2026-05-22 19:43:50,East,Air,315.0,492.1,3,2.48,-0.52,14651,1
ORD0197,2026-05-22 22:00:06,West,Road,188.5,798.2,5,3.52,-1.48,10790,1
ORD0405,2026-05-23 20:54:56,North,Road,271.2,654.6,4,2.74,-1.26,9115,1
ORD0317,2026-05-24 15:57:54,East,Air,141.7,513.0,2,1.43,-0.57,9433,1
ORD0254,2026-05-24 16:25:25,South,Road,235.9,691.7,3,2.4,-0.6,12808,1
ORD0217,2026-05-24 16:53:47,East,Rail,98.4,610.8,4,2.97,-1.03,7218,1
ORD0012,2026-05-24 21:44:55,West,Road,135.8,660.3,3,2.14,-0.86,6544,1
ORD0369,2026-05-25 17:07:27,East,Air,226.4,851.6,2,1.96,-0.04,17437,1
ORD0314,2026-05-26 09:22:13,West,Road,368.5,586.2,3,2.45,-0.55,15659,1
ORD0445,2026-05-26 14:27:11,South,Road,45.0,798.2,2,1.52,-0.48,5352,1
ORD0243,2026-05-26 21:21:11,East,Road,238.5,610.9,4,3.64,-0.36,8110,1
ORD0044,2026-05-27 09:30:37,North,Rail,401.3,473.6,4,3.0,-1.0,14384,1
ORD0303,2026-05-27 20:43:13,East,Road,438.2,355.3,6,4.82,-1.18,12870,1
ORD0450,2026-05-28 01:43:55,West,Rail,91.5,635.3,3,2.48,-0.52,8943,1
ORD0137,2026-05-28 05:07:22,South,Road,108.4,921.3,3,2.92,-0.08,7767,1
ORD0168,2026-05-28 05:54:54,East,Road,28.3,662.1,3,1.95,-1.05,8918,1
ORD0456,2026-05-28 16:46:26,East,Air,238.6,887.9,3,2.04,-0.96,11098,1
ORD0171,2026-05-28 18:22:56,East,Road,650.0,852.9,5,4.74,-0.26,23012,1
ORD0219,2026-05-28 22:52:27,North,Rail,265.9,667.6,5,3.77,-1.23,10801,1
ORD0172,2026-05-29 02:42:12,North,Road,178.3,664.7,3,2.31,-0.69,11277,1
ORD0076,2026-05-29 14:30:20,South,Air,102.4,872.0,3,2.68,-0.32,12421,1
ORD0145,2026-05-29 23:31:50,West,Road,172.2,411.6,3,1.78,-1.22,7110,1
ORD0354,2026-05-30 23:02:08,North,Air,182.3,498.8,2,1.68,-0.32,8544,1
ORD0330,2026-05-31 06:53:28,North,Road,163.7,709.4,2,1.69,-0.31,8584,1
ORD0261,2026-05-31 17:25:04,North,Road,170.6,567.9,3,2.36,-0.64,6349,1
ORD0332,2026-06-01 03:46:47,North,Road,86.8,923.3,2,1.25,-0.75,9847,1
ORD0408,2026-06-01 04:35:59,West,Road,255.6,799.5,3,2.63,-0.37,10150,1
ORD0159,2026-06-01 07:14:42,South,Road,132.0,827.9,4,3.18,-0.82,9399,1
ORD0241,2026-06-01 09:52:38,West,Road,309.9,596.3,3,3.08,0.08,11942,0
ORD0080,2026-06-02 15:07:57,North,Air,650.0,502.2,4,4.4,0.4,26945,0
ORD0348,2026-06-03 02:29:35,West,Road,134.6,930.4,3,1.82,-1.18,7939,1
ORD0042,2026-06-03 03:17:35,South,Road,39.2,540.4,3,2.45,-0.55,2636,1
ORD0040,2026-06-03 05:08:43,South,Air,163.3,678.5,3,3.08,0.08,14602,0
ORD0364,2026-06-03 17:14:48,West,Road,75.8,848.2,2,1.25,-0.75,4585,1
ORD0441,2026-06-04 02:00:15,North,Road,96.4,558.4,2,1.72,-0.28,5079,1
ORD0007,2026-06-04 02:38:12,East,Rail,142.3,818.9,3,3.35,0.35,11317,0
ORD0398,2026-06-04 16:19:46,North,Rail,344.7,270.5,4,3.49,-0.51,10146,1
ORD0086,2026-06-04 23:06:41,North,Air,160.2,773.4,2,1.32,-0.68,11615,1
ORD0335,2026-06-05 21:40:33,North,Air,190.6,488.5,3,2.44,-0.56,11480,1
ORD0078,2026-06-06 00:24:14,East,Road,299.3,423.2,4,3.13,-0.87,10933,1
ORD0234,2026-06-07 00:40:58,East,Road,272.8,119.8,5,4.03,-0.97,10279,1
ORD0032,2026-06-07 02:05:48,North,Air,183.2,1051.4,3,2.43,-0.57,14609,1
ORD0256,2026-06-07 08:44:15,West,Air,191.3,334.4,2,1.72,-0.28,12715,1
ORD0487,2026-06-07 19:38:22,North,Rail,66.4,474.2,3,1.96,-1.04,7116,1
ORD0489,2026-06-07 23:32:38,East,Road,132.9,591.8,3,2.45,-0.55,9347,1
ORD0410,2026-06-08 10:52:39,South,Road,340.0,859.2,4,3.45,-0.55,13440,1
ORD0196,2026-06-08 23:56:06,East,Road,133.5,900.4,4,2.64,-1.36,8067,1
ORD0179,2026-06-09 03:37:44,West,Road,166.9,623.7,3,2.48,-0.52,10934,1
ORD0021,2026-06-11 11:56:07,South,Road,387.6,429.7,5,3.73,-1.27,12839,1
ORD0357,2026-06-12 00:09:19,East,Rail,338.9,717.7,5,4.26,-0.74,14772,1
ORD0210,2026-06-12 01:40:57,East,Road,249.8,572.0,4,3.37,-0.63,10215,1
ORD0297,2026-06-12 04:22:18,South,Road,153.5,346.5,4,3.06,-0.94,7358,1
ORD0499,2026-06-12 07:41:30,West,Road,168.8,894.5,3,2.53,-0.47,7807,1
ORD0310,2026-06-12 14:44:48,West,Rail,493.7,467.0,5,4.34,-0.66,16067,1
ORD0377,2026-06-12 15:53:23,North,Road,383.3,455.2,3,3.28,0.28,15562,0
ORD0087,2026-06-13 02:14:21,North,Road,211.8,880.1,3,2.1,-0.9,4974,1
ORD0368,2026-06-14 00:22:07,South,Road,68.3,644.1,2,1.8,-0.2,5241,1
ORD0124,2026-06-14 06:43:40,South,Air,244.1,432.0,2,1.78,-0.22,12178,1
ORD0389,2026-06-16 07:21:06,South,Road,205.3,241.6,4,2.97,-1.03,7765,1
ORD0245,2026-06-16 10:55:04,West,Air,84.5,631.4,2,1.25,-0.75,10079,1
ORD0247,2026-06-16 22:01:08,North,Rail,23.7,477.0,3,2.64,-0.36,8666,1
ORD0490,2026-06-17 06:54:57,East,Road,283.3,828.7,5,4.11,-0.89,11255,1
ORD0416,2026-06-17 16:29:51,East,Air,67.9,334.2,3,2.0,-1.0,8227,1
ORD0206,2026-06-17 22:55:46,West,Road,20.0,236.4,3,2.38,-0.62,2831,1
ORD0010,2026-06-18 19:43:06,East,Rail,97.3,736.4,4,2.52,-1.48,7090,1
ORD0302,2026-06-18 23:51:15,South,Road,522.6,671.1,5,4.81,-0.19,16672,1
ORD0133,2026-06-19 04:09:15,North,Road,258.6,792.1,4,3.7,-0.3,12444,1
ORD0216,2026-06-19 11:46:35,East,Road,37.4,738.4,3,2.75,-0.25,7752,1
ORD0470,2026-06-19 13:31:11,West,Road,205.8,359.2,4,3.28,-0.72,8394,1
ORD0257,2026-06-19 17:39:35,West,Air,53.7,967.2,1,1.31,0.31,9239,0
ORD0484,2026-06-20 07:58:15,West,Road,288.7,376.2,3,2.16,-0.84,11199,1
ORD0442,2026-06-20 10:29:38,East,Air,47.6,374.2,3,1.99,-1.01,7014,1
ORD0211,2026-06-20 15:35:08,West,Road,362.3,100.0,4,3.28,-0.72,9351,1
ORD0331,2026-06-20 21:22:40,North,Rail,92.9,272.5,3,2.4,-0.6,4920,1
ORD0001,2026-06-21 07:40:22,South,Road,38.8,538.6,3,2.78,-0.22,2832,1
ORD0014,2026-06-21 22:27:47,South,Road,248.7,966.0,4,3.0,-1.0,11227,1
ORD0029,2026-06-22 01:07:23,West,Air,482.5,1133.5,3,3.25,0.25,20690,0
ORD0165,2026-06-22 05:48:48,East,Air,315.2,327.8,4,3.17,-0.83,16092,1
ORD0418,2026-06-22 21:05:51,East,Air,478.3,852.8,5,3.53,-1.47,23747,1
ORD0471,2026-06-23 00:18:30,South,Air,63.0,734.6,2,1.54,-0.46,6230,1
ORD0054,2026-06-23 01:46:42,East,Road,162.3,760.8,2,1.94,-0.06,7387,1
ORD0422,2026-06-23 04:07:18,North,Rail,355.2,100.0,3,2.61,-0.39,10809,1
ORD0421,2026-06-24 23:40:05,West,Road,176.8,639.4,3,2.87,-0.13,12644,1
ORD0399,2026-06-25 04:00:15,North,Rail,265.0,794.4,4,3.8,-0.2,13433,1
ORD0138,2026-06-25 11:20:18,West,Air,49.6,365.8,2,1.33,-0.67,10227,1
ORD0034,2026-06-25 12:51:36,East,Road,35.0,521.5,4,2.51,-1.49,3443,1
ORD0270,2026-06-26 18:05:24,North,Rail,468.4,620.8,5,4.92,-0.08,18927,1
ORD0049,2026-06-26 18:09:47,South,Road,281.9,705.9,5,4.27,-0.73,13111,1
ORD0355,2026-06-27 12:24:33,South,Air,45.9,394.2,2,1.39,-0.61,10766,1
ORD0062,2026-06-27 14:47:31,North,Road,131.5,711.2,4,2.8,-1.2,8666,1
ORD0002,2026-06-27 16:13:39,South,Rail,279.9,223.2,3,2.86,-0.14,10240,1
ORD0073,2026-06-27 18:21:47,South,Road,151.4,862.3,3,2.73,-0.27,7279,1
ORD0271,2026-06-28 11:37:20,South,Road,221.4,262.2,3,2.61,-0.39,10761,1
ORD0120,2026-06-28 11:56:43,North,Road,228.2,637.4,2,2.36,0.36,10082,0
ORD0288,2026-06-28 12:01:56,South,Road,328.0,462.3,5,4.44,-0.56,12173,1
ORD0218,2026-06-28 19:00:59,West,Road,331.1,1063.9,5,4.23,-0.77,14261,1
ORD0188,2026-06-28 20:28:22,South,Road,176.1,538.5,2,2.16,0.16,8009,0
ORD0360,2026-06-29 06:03:48,East,Road,100.6,898.4,3,2.24,-0.76,3782,1
